LinearRegression,RandomForest,y_true
35.1953125,15.938420910653504,17.39692371234551
30.3359375,37.324703138122985,44.34057006191175
15.9765625,0.0,0.0
51.0390625,37.53514808664467,36.9095373423994
52.5390625,61.890261217199765,64.51061548775994
43.5234375,79.65968155824082,72.86329225993353
52.5390625,90.9329762018971,91.53536452126694
44.0703125,59.91158866814134,53.04174202247477
2.6171875,0.0,0.0
-0.9765625,0.0,0.0
47.2421875,28.587130322451443,24.42266698081525
65.9765625,57.49839380634859,63.34980067334022
-3.8984375,0.0,0.0
25.1328125,0.09541177940792919,0.1277534247148861
1.6015625,0.0,0.0
34.2265625,16.57809618063922,14.966657544224317
-19.9765625,0.0,0.0
27.4609375,10.497719730680275,10.20366730645525
23.0234375,4.289947405943972,4.108107292653073
33.6640625,61.8301056437137,67.60215824440553
21.4453125,19.61331154757873,19.82431401595456
60.8203125,77.58648616212352,73.30845146927012
5.0859375,0.0,0.0
44.5703125,42.691329293945635,37.4833220381891
37.4609375,21.297073399543095,15.599775371649626
57.0703125,95.61776887490383,102.99155234601784
24.3515625,27.131602356332007,21.59245821234044
12.4453125,0.0,0.0
11.8203125,0.0,0.0
30.7578125,1.0912138671603484,1.3653734064308636
52.4453125,109.58225426626971,89.97927251952426
40.0703125,24.485040389078737,20.77951961566349
41.5078125,55.606808976533515,55.78319488431652
50.1640625,97.58847963940016,78.80071700491668
-3.0234375,0.0,0.0
36.8515625,24.51552762435453,17.7021948287756
12.1484375,0.0,0.0
29.8515625,0.0,0.0
25.1015625,5.943413423842632,5.646072220882031
19.6796875,13.286466634030425,11.226034078023195
13.0703125,0.0,0.0
-11.2421875,0.0,0.0
44.1484375,83.19068096888061,92.39469796709096
46.4765625,65.6327572629654,71.03291467641327
33.2421875,15.75324873088677,14.677401170850912
5.0234375,0.0,0.0
21.8828125,0.0,0.0
44.8515625,30.23456422899195,24.253571456948976
17.7890625,1.1182061515859387,0.8363616586505939
33.3828125,35.37006812830769,41.06446521479911
11.7109375,0.0,0.0
27.3828125,28.560065865275252,27.91565505654208
53.9140625,102.03047769089153,120.52079383490523
-0.8359375,0.0,0.0
-0.5546875,0.0,0.0
40.2578125,37.517982677748165,50.57600329727282
41.4140625,67.72889337502129,59.449988367574285
29.3203125,0.0,0.0
37.6484375,21.4486858580893,23.69812786055437
21.8515625,0.0,0.0
35.4609375,68.80918980296474,72.9543232731861
40.0234375,52.80141673018618,63.80649446353043
36.1640625,25.37732353017066,20.59187947159041
52.5390625,92.35074509395528,82.55623152079332
53.3828125,54.62554891739042,63.40063382154949
20.1171875,0.0,0.0
46.2734375,27.700250945493547,33.12709642376564
-24.3828125,0.0,0.0
42.8359375,26.303757708585557,26.901508332728906
30.6328125,29.759761911060536,31.33720106937091
53.9609375,51.99143125774695,51.880527572318194
14.6015625,0.0,0.0
2.3515625,0.0,0.0
8.9296875,0.0,0.0
37.9453125,62.69144610532486,53.07413862650844
41.1640625,10.928434444618654,14.86059883522858
19.4453125,0.0,0.0
55.1953125,106.89159112007887,96.6891961177889
47.4453125,23.16501579846312,17.78941267678083
32.8984375,16.2357934115135,15.359539363188208
51.1640625,89.85546407204028,92.3833075510022
38.9609375,19.6357380635744,15.689355872038124
36.1953125,24.793242935607324,20.31633333346436
37.7109375,19.71399675210175,19.532219184289744
31.6484375,49.8530703237539,48.39773905324878
64.4765625,63.52370719301493,61.75884851612586
14.2265625,0.0,0.0
10.3984375,0.0,0.0
56.2890625,40.67778118286067,46.001318811930034
25.5546875,6.006744905884,6.733984882419192
25.4765625,29.110921145870027,37.183761105364304
22.9140625,4.306824086844405,4.733527481316526
35.0390625,46.01054750757959,47.69103299866168
47.5703125,21.816161897072423,23.66703384904177
47.9765625,71.87321869962162,61.114795492783685
18.2578125,4.166427129792139,3.902363529023527
31.3203125,1.1795401520220095,1.9678445566286848
22.5234375,25.388733366224457,24.44124349212203
17.8359375,1.66777273619897,1.651196241083723
16.8359375,1.0372251391679925,1.303974515268126
19.6171875,3.6740913450250705,3.248464904442869
56.6328125,36.35519072244007,38.02268467903178
32.2265625,51.91220123885109,56.78577101218048
65.1015625,56.68511468490496,48.95278453385156
6.1484375,0.0,0.0
10.8515625,0.0,0.0
42.2109375,52.62374122421084,51.69137677239977
45.6171875,89.52689052558475,107.76366617492629
53.4296875,36.60752262035056,36.34755520420352
44.0234375,91.46818857400118,71.3321976467745
24.9921875,32.09985518729296,35.55634069225393
36.7578125,25.50895342685202,21.117754049341567
7.1796875,0.0,0.0
-11.1328125,0.0,0.0
30.1953125,43.117523168797206,40.69056711056287
56.0390625,97.97052667722201,104.49497075096411
30.1015625,28.452442646077508,26.110177966294483
42.5390625,52.395304216184066,57.9305482647688
20.4921875,18.45017622845609,14.653590167702792
23.1640625,23.51131780906854,28.955967868833188
-32.6796875,0.0,0.0
16.7734375,6.900330501619257,5.85235116203867
45.3828125,19.96356019778206,23.85769788888581
-55.9921875,0.0,0.0
28.4765625,32.26942221336822,36.67472117211057
32.6328125,31.61270758132092,34.34720114053688
12.9296875,0.0,0.0
29.0703125,6.585100972869686,5.8888829105510245
63.8515625,65.61302525861534,51.83522028871096
46.9140625,41.69366698261387,41.65116006585883
33.7109375,54.83272269955191,57.7064816226749
37.8984375,60.876864066338314,79.44496714325588
2.1015625,0.0,0.0
44.4765625,46.434153318395545,47.90592284522028
41.8828125,23.620145918798084,28.64107274922489
2.7734375,0.0,0.0
29.7578125,39.93739536551493,33.49330321092974
-9.5234375,0.0,0.0
25.5234375,9.003844525570923,8.516342405520554
21.4921875,20.147626036910868,20.83257868160239
38.2578125,30.683761937476806,31.71480387991746
44.2265625,19.223629577788067,19.607078825495503
37.1640625,67.80102779066164,70.6334397540972
53.4609375,36.32599747387499,36.92810346295615
19.6328125,0.0,0.0
36.3046875,57.06010060467812,54.91294573224751
48.8359375,33.76824364274264,30.77331168678274
52.5859375,36.086757057582396,42.98101831370144
40.5390625,24.458937859157082,24.731654541714256
14.1484375,0.0,0.0
46.7578125,36.38455636067886,35.95256595516311
38.6484375,58.006039715672706,62.67901119692001
53.2109375,56.270627192092206,54.096435722455375
49.9609375,62.08969093906785,72.07568000068146
47.5703125,31.889892081984797,38.45221686941283
5.8359375,0.0,0.0
45.7578125,26.445380573438023,28.216328440577108
-8.9140625,0.0,0.0
34.8203125,56.81121859175244,58.20254883148367
39.2734375,66.35180926585576,79.42116232986498
45.1328125,59.81052982552767,62.35241879204
38.7578125,23.447549249422714,23.010194601647893
45.2421875,54.6048388420352,60.8883922139274
40.1953125,67.07759397571978,62.63331987836266
30.0078125,36.87367096583046,30.62669067547067
-16.5390625,0.0,0.0
12.6484375,0.0,0.0
12.1328125,0.0,0.0
37.9453125,68.21812623292323,79.92846437686367
11.5078125,0.0,0.0
54.3515625,107.42839800073637,111.32780352364762
35.5546875,65.76829489186312,60.80641852728952
-17.2109375,0.0,0.0
41.8671875,73.44286457256115,78.11461243809187
2.5859375,0.0,0.0
18.5546875,0.0,0.0
45.2890625,61.182563971963546,61.958901064766245
10.7734375,0.0,0.0
28.4765625,41.05955241189542,33.96864196648288
38.6015625,63.038382718955894,56.78888856879567
44.5234375,54.37375091751294,56.03505230434915
44.8203125,29.90171079197308,24.879416937531797
15.6015625,0.0,0.0
31.8203125,36.12117032144401,39.13775327238587
40.7265625,43.71949013886129,49.31431335500271
42.6015625,53.639992557937966,55.19948843374745
-16.8359375,0.0,0.0
35.6640625,23.66150689214855,22.08305025728349
26.4453125,34.43115044557921,40.078632235267584
44.8828125,57.00408313668969,55.60152332660992
18.9609375,2.9479588906449705,2.275761828064339
27.5859375,32.55465649635417,29.290831732021854
42.0859375,24.911826125091853,27.650432418803103
11.5859375,0.0,0.0
37.4765625,60.64503256397083,69.69051109202087
41.1640625,67.74869980217436,67.28415711210722
27.8828125,32.228913418581854,32.94806075741827
13.2578125,0.0,0.0
24.6796875,8.018711447580705,7.793366086494524
-16.7734375,0.0,0.0
51.1015625,30.27448445075924,32.084876918110275
58.0703125,88.72968679771526,93.24994321660468
38.7890625,19.78002992205035,19.29593498496025
35.9609375,64.27837486889183,65.9410590617083
42.1015625,49.896722585489506,57.74964030133305
26.0390625,26.24152470136115,26.46602367798138
43.4140625,50.094748427148126,40.59937520665467
28.5234375,39.999229881410464,43.803574284215095
36.7578125,58.15370533560043,56.38348513012294
53.5703125,53.7266305558692,56.228843550000754
24.0859375,6.728297752171451,6.040038012676268
40.3359375,60.02183328531368,63.19843182253155
39.5390625,23.260714798433675,20.95404379714576
5.8984375,0.0,0.0
12.1171875,0.0,0.0
-15.6328125,0.0,0.0
37.5546875,65.48300680928618,65.11487918403161
23.3203125,27.446277255095126,27.267462969470586
-6.4921875,0.0,0.0
27.5859375,35.68180887861567,38.21563826079566
10.7734375,0.0,0.0
0.0546875,0.0,0.0
31.7421875,50.054415577454094,51.47121733591709
54.2890625,107.84437090582733,111.37922475998208
5.5703125,0.0,0.0
33.5078125,0.0,0.0
12.4453125,0.0,0.0
-4.3359375,0.0,0.0
43.6953125,55.48541129421576,60.60013105601417
15.3671875,0.0,0.0
25.4609375,25.421700078945992,24.660832222792187
63.5078125,64.50681381120636,61.95933116871384
33.0390625,40.080423766352794,38.33168510644906
7.2421875,0.0,0.0
37.4921875,65.07030590935975,70.31767924157072
15.0859375,0.0,0.0
53.8203125,51.47366999688157,49.23833343162334
41.3671875,66.92476025829302,60.78054203195622
15.0078125,0.0,0.0
43.9609375,45.81169630941,50.66232412371418
43.3828125,25.669165859472134,24.43388590550548
39.7578125,60.669172793348395,57.07026157596778
17.2421875,8.578915037750706,8.58059448035658
-19.0390625,0.0,0.0
53.7109375,36.445296123924216,42.15555466380721
34.4609375,61.60792739627611,60.990977062887886
-9.3828125,0.0,0.0
48.0234375,38.13629607278706,37.42481167621992
44.1328125,47.03495994526476,54.650166363679126
-56.8984375,0.0,0.0
13.2265625,0.0,0.0
26.1171875,26.309559867004452,29.692088108873385
33.6640625,15.284107547095427,13.753137964166855
38.5390625,63.65424849613565,63.80898107516488
35.6953125,18.594857126035837,18.431319135565545
46.7734375,80.94927483252842,69.9240514161944
38.8671875,22.811267922663585,24.20247745840928
23.0703125,24.701262102113205,27.86395708959559
36.8046875,53.751839120008896,51.65795352678567
44.6796875,27.617821717388395,30.31097205690909
57.5390625,93.19255141591228,81.20356606949208
-3.2109375,0.0,0.0
28.3828125,11.463012503589985,11.973309577254778
16.4921875,0.4033636640745972,0.3778877929368793
48.3046875,71.13064568301571,82.678891080352
43.4453125,30.691011384592578,32.90169535892454
38.5859375,21.757454617670266,20.67717980499121
-45.9921875,0.0,0.0
42.7109375,56.20607657773866,54.9971722089776
36.5390625,21.021201654241928,20.39947134501816
47.2109375,48.9255934193126,47.89850601399533
56.4140625,101.70105120269979,91.61832939911406
25.5546875,30.15432207654752,32.373860199664776
39.0546875,24.88567819747316,22.662134710554927
20.2421875,18.254453405847098,19.287457877590278
50.5078125,28.77527265379971,32.57870733144012
10.3828125,0.0,0.0
37.6953125,68.54524529044646,73.48323437852116
23.3046875,7.62461725230818,6.4532312623402825
40.3203125,63.16683344705287,58.51888295577856
44.9765625,44.124161028764576,46.49989530445367
42.7109375,26.841418877797,27.730438134045414
-43.0859375,0.0,0.0
61.0078125,47.57893532783793,51.77268605461117
23.1171875,4.14772862562557,3.829978698359487
7.8203125,0.0,0.0
43.4921875,81.4437317262378,70.92755496414938
27.9140625,40.37800279259823,37.593721181990254
27.5078125,39.21508528324715,45.245210067019975
8.5703125,0.0,0.0
11.6640625,0.0,0.0
56.4453125,42.08433618081787,48.1749941767638
49.9921875,34.22216031547962,39.67945715443433
61.8828125,67.13928372373498,70.31305708695622
41.0234375,68.3272172370473,54.155646200353786
53.5390625,106.40986466420982,124.9603094648133
23.4453125,0.0,0.0
10.8984375,0.0,0.0
48.0859375,72.93896440529626,67.41059364866332
44.3671875,24.977711864778172,24.650641785613228
17.6953125,8.672159081600794,8.532514815910757
44.8515625,24.676686412362514,28.58148332624095
18.5703125,1.7925495121485941,1.9074041046792525
65.6640625,62.22912589879945,51.10813717555115
13.2109375,0.0,0.0
34.4765625,19.014817089566556,19.736692680100504
51.8203125,93.27046721901927,96.16471376966835
44.8203125,54.11357646283949,49.31295495397124
45.7734375,41.7150245047001,39.4649427093566
43.1640625,56.27229497208857,54.97106959638132
21.3203125,20.188528323878604,19.75035515309621
3.6484375,0.0,0.0
36.1640625,67.2738406679046,62.78560297230744
44.2578125,30.484724623512605,29.246828274008266
52.9765625,57.66469441698369,51.86875596351616
32.6640625,5.294429537346728,7.364785116867802
43.0703125,59.53899173597314,57.76368942168757
31.1640625,46.3531893454809,50.96789317046292
20.6796875,0.0,0.0
7.9921875,0.0,0.0
10.9765625,0.0,0.0
41.2265625,57.565276125837116,63.85463324291801
32.2578125,40.66690564879389,54.09363058762408
18.7109375,14.419041659676699,12.713119213607165
33.7578125,0.005091464104437946,0.0
32.8359375,9.386115770603146,11.28502881060052
19.2890625,2.9738722891161014,2.9534642948326346
25.6640625,0.0,0.0
34.8515625,63.90957803408418,63.16932854578933
16.6484375,7.87593308207157,7.136521421552922
56.3359375,43.236853390313975,47.50453236108288
23.7109375,0.0,0.0
43.4140625,48.740789369183375,43.39739987862816
25.1015625,0.0,0.0
40.8828125,25.99525615003295,26.91697592789435
9.2109375,0.0,0.0
27.6640625,0.0,0.0
32.9140625,15.564444200335716,13.022333413391928
49.2421875,33.35989366930479,35.439730702389994
38.8984375,18.89216692659117,22.620676099262127
31.9453125,44.099433715218474,51.17232382488457
29.3203125,29.461206101986416,28.25694797957908
23.5703125,18.736668973663697,17.298607351835273
13.3515625,0.0,0.0
32.6171875,38.88802221543613,40.54569722820542
9.2421875,0.0,0.0
60.6328125,78.96573070885142,76.2571753073993
-18.6796875,0.0,0.0
5.0859375,0.0,0.0
39.3671875,57.25492798895672,54.7130703950849
21.4765625,13.233395702505513,12.297581382754146
-0.1953125,0.0,0.0
14.3984375,0.0,0.0
-2.9765625,0.0,0.0
48.1796875,47.22348828072077,46.96964458848427
40.3984375,59.36245021438934,63.12432155734542
40.8828125,59.61220252819965,61.624280805775385
9.2265625,0.0,0.0
45.0546875,42.0262303047772,45.83393262412159
46.4453125,40.67826474888363,42.31002647831966
17.4921875,8.291439571157728,6.910981352357738
13.4921875,0.0,0.0
14.8046875,3.0571731830971447,2.7920532896690404
38.8671875,63.710359859943566,53.20616159812416
43.2890625,54.811900629630664,60.85545416937912
41.7421875,52.37031407232265,52.90241511200929
34.6484375,55.606674027545715,59.86056793547637
52.0703125,60.85247197891281,53.922056016611016
-21.5859375,0.0,0.0
9.1953125,0.0,0.0
27.1953125,37.965705171508255,33.894209602540684
13.0390625,0.0,0.0
29.0234375,43.62798519369689,47.45277970207161
27.3828125,17.066481637698214,17.223886171171795
38.3828125,22.567057094240464,26.27756396040001
-2.6796875,0.0,0.0
3.4140625,0.0,0.0
-11.7734375,0.0,0.0
41.1171875,55.04695681870669,58.3313750322987
26.8203125,40.87675086616952,37.32617047013749
37.9296875,62.46018492873125,55.1617407165356
1.4921875,0.0,0.0
55.2578125,35.73369380665753,34.11918005305023
47.0703125,43.5330342576598,44.61758546754342
14.6171875,0.0,0.0
40.6796875,66.89038496644014,59.24261960568731
15.2421875,0.0,0.0
31.3515625,16.556525863347858,14.752878589250331
47.7109375,73.42907273493518,76.50892839547829
10.2265625,0.0,0.0
20.1640625,4.4433716893109345,3.986855951264927
42.6484375,49.14358600651872,37.69980243183459
32.5859375,45.70833264106804,45.00667887176387
65.1640625,54.89757567377191,51.26593246623195
49.7578125,96.19820961862206,97.11623666560102
2.8203125,0.0,0.0
41.0546875,24.781975681167257,23.304386997051378
46.1015625,21.700442228923134,20.78760060702377
47.8828125,72.26992690794229,80.80572832155184
35.4453125,60.61171876877017,62.09784113290272
52.5390625,54.226498043045616,54.94595129980559
-12.1328125,0.0,0.0
-6.2734375,0.0,0.0
43.6640625,56.916172145607575,55.04440344550985
30.6640625,0.0,0.0
19.0859375,2.7702184506975325,2.852446918583848
48.7265625,33.66855927273799,28.783246467393013
-10.5390625,0.0,0.0
11.5859375,0.0,0.0
48.5078125,71.64796481037705,68.3000496491886
20.4609375,4.055131182693577,4.056614158914917
35.0234375,16.710854785753998,13.25375029018724
29.7421875,14.976263599269181,15.1302162771795
-1.8671875,0.0,0.0
41.1953125,57.1765644078212,51.44556815742931
7.1640625,0.0,0.0
26.6953125,33.92111088934479,33.04555456233594
38.0078125,32.86960438931891,35.374791917176566
13.1953125,0.0,0.0
40.6484375,60.43039432056687,70.42513163720571
23.1015625,25.663369332685363,20.452473730934987
16.1328125,0.0,0.0
48.9765625,42.96354926850445,41.29677690632878
-25.2265625,0.0,0.0
-38.2265625,0.0,0.0
33.5546875,61.251314484322286,57.48375099133023
22.6953125,17.84676238032016,14.546461414528611
-41.1328125,0.0,0.0
29.6796875,7.066896412023607,7.430410211490437
-6.9921875,0.0,0.0
24.6796875,29.65736545832103,28.441312429061952
-1.8359375,0.0,0.0
45.1796875,54.38547880549896,66.21564030843454
11.8046875,0.0,0.0
-12.4921875,0.0,0.0
33.4765625,41.3818745304907,46.16450876149211
31.1796875,15.362528600232011,15.368236961555075
11.2734375,0.0,0.0
-2.8359375,0.0,0.0
49.7890625,41.136000643664076,45.04282575164124
7.6796875,0.0,0.0
34.9453125,16.458335057731368,14.863545786830612
41.0859375,25.357059951005112,24.34891940861042
45.1171875,53.51503785528887,59.49780547390609
46.4453125,81.34549835495173,64.85150125592943
19.5234375,17.011441167391148,16.8028301445841
37.7890625,23.665227106418392,25.134560111918503
50.2265625,62.74885826827195,70.99080814689923
25.3359375,31.728266666060197,38.7871697443446
36.6953125,25.999448697842,22.70515229427799
41.2734375,67.18736220845885,71.27548845784375
45.2421875,43.914164114256195,32.50315998958907
44.3046875,29.793354988011586,26.83805862745601
49.3203125,44.34952766439981,48.90597356955456
55.1953125,50.11931546681619,52.59689238360581
46.6796875,39.15839854596424,43.01005231475879
34.6328125,2.038919457771391,2.182984590840782
52.8671875,56.863689831654845,63.78039638648109
32.0234375,53.478509033282094,53.69027754963724
48.2265625,71.46558145169833,68.32156425073505
31.7265625,48.67771968841983,45.75552502629891
17.4453125,0.0,0.0
31.8515625,2.6940263928955344,4.065935277402469
31.9140625,47.888295544524524,47.25648307483308
-12.3828125,0.0,0.0
3.9140625,0.0,0.0
52.7578125,91.2971840442672,93.39490461320769
26.2734375,14.44291843494294,14.609912512322149
3.6953125,0.0,0.0
35.1484375,12.960869020509554,15.298395028978629
20.3359375,10.95000664633692,11.785767291869254
29.9453125,36.82458834151892,37.4885228732863
50.9453125,28.168948837094273,25.460339259392683
32.3203125,49.78246008554168,45.89168248540053
-2.1484375,0.0,0.0
30.1171875,41.237076068016336,39.51388071248065
35.1171875,14.064540077438181,13.289828406210669
25.5234375,30.306901030684447,28.64629775321888
22.0859375,0.49318573155612216,0.7305258811360328
56.9453125,93.97996980850426,94.0513443712308
14.5546875,0.0,0.0
29.7578125,45.63398725560693,41.720825738103485
39.6015625,60.57222896241675,59.99970909902708
18.6484375,11.816838508968116,10.79607317987466
5.9765625,0.0,0.0
-0.7265625,0.0,0.0
24.6796875,9.40550058292535,8.722400125922087
27.8828125,0.0,0.0
25.0078125,0.6997290581134143,0.7657359785151332
23.6796875,20.491501545018988,20.757389001786446
4.5078125,0.0,0.0
49.0703125,87.30295528862251,73.96598309746898
40.0703125,65.93344568391342,65.3356877198732
44.6484375,44.322490656332384,47.71165524277139
22.3671875,3.0643645417153453,3.311385734809844
45.0078125,29.288693142625828,30.265688278171854
17.9609375,11.708146656324727,9.475318564039451
45.8984375,40.50987192830329,41.42159658040894
34.4140625,17.897021477496278,16.462752901804713
-22.4296875,0.0,0.0
33.0390625,53.01534682252944,49.70108774536169
58.7265625,89.72019787621444,75.18455484916701
53.6953125,100.9775688207989,97.18563888035848
24.7578125,11.620085511603481,10.995674411992551
47.0703125,39.50814723726467,43.78123134844612
15.3203125,0.0,0.0
28.1015625,10.77007216194557,10.667587527997524
31.7421875,39.76686005165797,47.01389697796667
29.0078125,11.9326847703215,13.605164609926778
7.5234375,0.0,0.0
52.6328125,102.52142954941563,116.77212370807936
56.0703125,100.80025281108693,109.75900837158778
59.1328125,77.90204367616792,84.3955937712896
18.4765625,0.0,0.0
-43.1796875,0.0,0.0
11.4140625,0.0,0.0
-2.3671875,0.0,0.0
22.7890625,0.0,0.0
8.1484375,0.0,0.0
35.8671875,18.943862771527343,20.05253773482795
40.0078125,24.300561128792445,24.994413789743287
7.0546875,0.0,0.0
20.6796875,17.71235578626671,17.658598808860074
7.3828125,0.0,0.0
47.2109375,28.480187344994278,29.380871981116112
62.2265625,70.33869991005707,67.76000747658489
15.5078125,0.0,0.0
-11.7109375,0.0,0.0
43.6640625,15.553870601810276,19.79683962154757
22.6640625,0.0,0.0
34.2421875,43.64331365775815,43.8574814040937
35.3828125,1.9966197879234941,2.420777796064298
8.3203125,0.0,0.0
58.6640625,91.67684441040294,97.51753004538791
31.4609375,39.91237660775295,37.935310094357135
33.5546875,56.57394487369913,57.17487580067898
-2.6484375,0.0,0.0
43.6640625,63.61698383104458,62.997724608044685
48.1953125,38.729643337945895,36.954156971441
46.8828125,28.99750046837748,28.05696999580121
32.7578125,49.351752778565064,43.53596496107617
25.8515625,30.119438671862984,26.874603958654987
52.0703125,98.84538889166613,101.44726175660416
63.3203125,71.95453290871514,70.04075927444508
36.6640625,25.174197792770578,26.09515482912579
45.1953125,20.430089490864788,20.105932542696507
50.3671875,35.76455795089922,33.94372772272599
50.6640625,37.211314263572454,41.47945992953694
9.0703125,0.0,0.0
21.6796875,21.494270161399793,23.13758765182424
-47.9921875,0.0,0.0
35.8828125,59.597698714531155,59.21849135930324
36.8515625,59.30495485617488,68.22424300795065
45.5234375,53.66766393454477,47.03639591475071
46.9765625,36.55242260645583,36.07873578476542
20.1328125,0.0,0.0
30.0859375,15.465535074443824,16.263186887660996
30.9609375,48.37855795636912,43.1965519912551
40.9140625,61.77871869203011,51.72682919764585
43.4765625,61.41524894073729,57.851923572354096
38.2890625,63.060740995304734,67.20810738930908
23.6484375,5.273720437526009,6.904991267978258
43.1953125,53.837092142984915,52.57898778474743
44.3671875,54.01947332101489,51.49842914295068
14.4140625,0.0,0.0
9.0703125,0.0,0.0
21.5078125,0.0,0.0
44.6015625,47.135038743213464,43.26200606686572
37.8984375,67.25616355293599,65.70891372852986
53.1953125,55.46298983768587,52.42063186409978
49.1953125,93.67808149857395,93.8788865886402
31.4453125,0.0,0.0
45.4609375,44.67397856761894,44.30988635220952
12.0703125,0.0,0.0
2.1796875,0.0,0.0
43.3359375,50.816228657464876,46.82467095117628
30.2578125,0.0,0.0
-19.0546875,0.0,0.0
38.8359375,68.97395997407303,59.43838760390933
56.2421875,46.77474260129954,48.63083008024287
39.6328125,60.40593419367412,65.31592245617212
46.2890625,69.23329135099515,66.86951347223174
45.3515625,42.84147846114963,36.72283846401625
28.2109375,10.107847104722936,9.31490108853763
48.7421875,70.8194518408921,67.69824820684299
35.1484375,20.67659519065173,18.439939633812955
55.3828125,36.011301810484554,33.46841366750567
13.9140625,0.0,0.0
32.5703125,0.0,0.0
-1.9453125,0.0,0.0
7.4609375,0.0,0.0
20.1640625,17.93049471992089,18.114134482320555
45.6328125,26.577773197773553,30.68076089483868
54.4765625,105.48476354238574,115.24314852647365
58.4453125,87.071292410894,77.10768649853387
34.9765625,67.78034139523585,54.71948063682424
40.0546875,23.392416103078702,22.800188364490136
20.2421875,14.985419900474545,13.77285910769342
50.6328125,38.3126182662477,33.93383270470404
48.4765625,75.15213214373975,80.73482852815086
-6.0546875,0.0,0.0
15.7109375,4.034050838152481,2.736790620324886
39.6796875,60.7108070147416,63.41884514040989
51.4609375,34.28713719799044,29.248529500857284
42.2890625,27.7588797016008,26.707368567786943
40.1484375,59.19079318263927,62.73296417082756
19.4296875,0.0,0.0
51.4609375,54.2166094397314,67.23827312461228
17.7109375,0.0,0.0
52.9140625,33.366248456762946,27.48110955434264
39.6015625,69.63623066772429,66.65187764962558
18.5703125,0.0,0.0
26.2109375,14.308419735655916,13.231399273951803
6.7734375,0.0,0.0
49.1484375,44.226866716812886,41.12404447054994
8.6015625,0.0,0.0
27.8984375,36.28127181950449,34.24455195008001
-21.0234375,0.0,0.0
9.8828125,0.0,0.0
34.7578125,2.0404534570212935,2.450073032807972
48.4296875,47.22234207226098,38.53501613294837
-6.9453125,0.0,0.0
30.4765625,12.96588117525222,10.588213842781244
39.5546875,23.69699717123271,21.85003286970639
49.1328125,42.213437681863844,39.65614600953712
62.6015625,70.29453383225828,82.16381640909499
38.6328125,8.66569069488611,9.467500438356668
19.7265625,3.264679351363083,2.874093984031552
51.1015625,91.34253932823215,97.40738514464906
40.4453125,56.082519759952426,62.38818570601562
40.6015625,10.27236968109939,11.304237169913542
62.1328125,59.952205234416006,66.2791451784531
29.6484375,46.213210314320754,44.48370850968579
47.1015625,38.33347229303597,42.87027770070152
-5.5546875,0.0,0.0
13.2265625,0.0,0.0
40.3359375,70.21257588899367,68.40650576852498
55.9140625,100.47271538546097,102.0932421807602
59.6953125,77.511497960077,83.69549073620277
11.6328125,0.0,0.0
-0.4296875,0.0,0.0
28.1015625,12.16667435040534,11.406872236076108
28.3828125,12.311189833802976,13.737405485510724
26.8515625,37.71006482361054,41.154954470945015
26.4609375,14.912057095858644,13.536811217059116
44.4453125,29.1984364396041,27.336105034967837
33.5859375,34.28668766104633,38.78577355325928
37.7421875,18.77107910836961,18.14013592609553
19.1796875,0.0,0.0
30.1640625,41.67031909047665,44.83824594908539
33.8828125,17.379364043235434,22.618384766429088
21.7578125,20.60247952163885,18.721098287102528
5.4453125,0.0,0.0
24.3671875,8.051113472458677,7.954292714847818
55.9453125,37.89488012219656,36.36748377231597
39.7109375,59.39434418359106,60.09379942790568
39.7421875,24.398153081886424,26.156333749509997
57.5390625,97.22834635913722,93.08111626329926
10.5390625,0.0,0.0
26.5390625,35.87015163461596,34.78522174262458
47.0859375,37.990463053240994,32.7246261310198
27.1640625,8.25877903037315,8.107351780116572
60.0703125,77.7824848604682,91.23153880322651
44.3359375,27.042082356190466,29.51253091211084
20.4609375,4.059163866589855,3.648132206149461
41.4921875,55.053879386400574,54.20005022644212
-6.4140625,0.0,0.0
37.4140625,59.238545254608894,57.39587789550976
8.1796875,0.0,0.0
26.2734375,12.978647465086741,15.333594105833612
12.4140625,0.0,0.0
16.4765625,0.0007108257255715807,0.0
43.2734375,24.805815981523097,25.727475242572822
9.1796875,0.0,0.0
37.4609375,20.66100768895391,20.45885287607376
58.1953125,99.67981469159119,73.3453488471621
-4.1328125,0.0,0.0
-2.9296875,0.0,0.0
18.2734375,11.128576947819978,10.879169769943609
31.4140625,47.75337789175519,44.99365429349709
11.7109375,0.0,0.0
38.5078125,34.64435554433289,37.31395557143264
50.5390625,38.67738087564773,42.15098543745541
14.2421875,0.0,0.0
28.9140625,22.089056313001834,24.91955496375303
32.1015625,0.0,0.0
11.5078125,0.0,0.0
64.0078125,60.232132167413326,72.83790245473786
-15.3828125,0.0,0.0
47.6640625,37.97056679011413,36.80826724289202
16.0078125,0.0057476303669716546,0.0
47.3515625,30.77138008672181,29.99675415057246
33.8203125,56.37150306508236,64.25680854372096
25.5859375,6.166168623219668,6.658288015702055
12.8359375,0.0,0.0
45.0078125,28.125999530932567,32.822883111087265
45.3046875,52.68825217707786,54.13115252483234
48.6484375,36.00669694281092,30.00252702960455
43.0703125,51.451248889738885,55.46593054814154
44.6796875,74.35232223685487,77.24212826789837
22.4296875,22.1330318973576,19.15562296759961
11.2890625,0.0,0.0
42.8203125,81.03546913881793,74.18917268828075
38.6171875,57.01676826654515,68.96646969002978
13.3515625,0.0,0.0
17.9296875,1.7535997192159463,1.6285647166824269
18.3203125,11.989134037121573,10.850669851599148
3.7890625,0.0,0.0
9.9765625,0.0,0.0
-16.1640625,0.0,0.0
34.7421875,56.651347341161184,56.63929503131449
8.9765625,0.0,0.0
17.3671875,8.627944019312439,9.907467531521537
26.9609375,10.390310539441415,11.544502833199068
23.9140625,7.261618317662624,7.897512088146263
32.4765625,4.989151671910704,6.071023770280052
10.6640625,0.0,0.0
37.7421875,21.136010429877707,22.706588620070367
55.5078125,43.46341280702426,39.75558863826137
21.7421875,20.41101817173836,18.52612531888945
37.5390625,59.190094331882285,63.95443074562581
41.6171875,47.53431465223401,58.340761445175055
-10.9921875,0.0,0.0
44.6328125,53.69374306107898,55.13007958433521
-0.6328125,0.0,0.0
53.6328125,110.34454845033412,108.7065456558604
-47.0546875,0.0,0.0
34.0234375,52.90176128892737,44.710435102615016
42.6796875,50.71699793328756,60.86572297719852
62.3203125,47.066090674049974,52.31983613148857
10.6953125,0.0,0.0
